{"cameraMode":{"drawMode":0,"name":"Shaded","section":"Shading Mode"},"sceneLighting":true,"audioPlay":false,"sceneViewState":{"showFog":true,"showMaterialUpdate":false,"showSkybox":true,"showFlares":true,"showImageEffects":true,"showParticleSystems":true},"in2DMode":false,"pivot":{"x":-10.042312622070313,"y":0.7853736877441406,"z":-18.555950164794923},"rotation":{"x":-0.21147462725639344,"y":0.1667770892381668,"z":-0.03664891794323921,"w":-0.9623517394065857},"size":21.051862716674806,"orthographic":false}