{"cameraMode":{"drawMode":0,"name":"Shaded","section":"Shading Mode"},"sceneLighting":false,"audioPlay":false,"sceneViewState":{"showFog":true,"showMaterialUpdate":false,"showSkybox":true,"showFlares":true,"showImageEffects":true,"showParticleSystems":true},"in2DMode":false,"pivot":{"x":-7.0319294929504398,"y":-6.723639011383057,"z":-29.78084945678711},"rotation":{"x":-0.24133358895778657,"y":0.3015824258327484,"z":-0.07919863611459732,"w":-0.9189851880073547},"size":18.798555374145509,"orthographic":false}