{"cameraMode":{"drawMode":0,"name":"Shaded","section":"Shading Mode"},"sceneLighting":false,"audioPlay":false,"sceneViewState":{"showFog":true,"showMaterialUpdate":false,"showSkybox":true,"showFlares":true,"showImageEffects":true,"showParticleSystems":true},"in2DMode":false,"pivot":{"x":1.005000114440918,"y":-5.960464477539063e-8,"z":-19.899999618530275},"rotation":{"x":-0.057109229266643527,"y":-0.4295106828212738,"z":0.02722855657339096,"w":-0.9008428454399109},"size":69.36518096923828,"orthographic":false}