{"cameraMode":{"drawMode":0,"name":"Shaded","section":"Shading Mode"},"sceneLighting":true,"audioPlay":false,"sceneViewState":{"showFog":true,"showMaterialUpdate":false,"showSkybox":true,"showFlares":true,"showImageEffects":true,"showParticleSystems":true},"in2DMode":false,"pivot":{"x":-9.578216552734375,"y":-39.73262023925781,"z":67.38371276855469},"rotation":{"x":-0.22231729328632356,"y":0.23760412633419038,"z":-0.05596182122826576,"w":-0.9439213871955872},"size":256.5189208984375,"orthographic":false}