{"cameraMode":{"drawMode":0,"name":"Shaded","section":"Shading Mode"},"sceneLighting":false,"audioPlay":false,"sceneViewState":{"showFog":true,"showMaterialUpdate":false,"showSkybox":true,"showFlares":true,"showImageEffects":true,"showParticleSystems":true},"in2DMode":false,"pivot":{"x":-5.900000095367432,"y":0.0,"z":-5.525000095367432},"rotation":{"x":-0.019120581448078157,"y":0.08419591933488846,"z":0.0016159088118001819,"w":0.9962644577026367},"size":30.999122619628908,"orthographic":false}