{"cameraMode":{"drawMode":0,"name":"Shaded","section":"Shading Mode"},"sceneLighting":false,"audioPlay":false,"sceneViewState":{"showFog":true,"showMaterialUpdate":false,"showSkybox":true,"showFlares":true,"showImageEffects":true,"showParticleSystems":true},"in2DMode":false,"pivot":{"x":175.32269287109376,"y":-2971.410888671875,"z":5813.6005859375},"rotation":{"x":0.23784929513931275,"y":-0.3471711277961731,"z":-0.09149493277072907,"w":-0.9025123715400696},"size":1496.2034912109375,"orthographic":false}