{"cameraMode":{"drawMode":0,"name":"Shaded","section":"Shading Mode"},"sceneLighting":false,"audioPlay":false,"sceneViewState":{"showFog":true,"showMaterialUpdate":false,"showSkybox":true,"showFlares":true,"showImageEffects":true,"showParticleSystems":true},"in2DMode":false,"pivot":{"x":1.775620937347412,"y":0.4685569405555725,"z":1.2694339752197266},"rotation":{"x":0.0030423447024077179,"y":0.9753697514533997,"z":-0.01347696129232645,"w":0.22014324367046357},"size":10.41426944732666,"orthographic":false}