{"cameraMode":{"drawMode":0,"name":"Shaded","section":"Shading Mode"},"sceneLighting":false,"audioPlay":false,"sceneViewState":{"showFog":true,"showMaterialUpdate":false,"showSkybox":true,"showFlares":true,"showImageEffects":true,"showParticleSystems":true},"in2DMode":false,"pivot":{"x":0.10741066932678223,"y":-0.15273430943489076,"z":0.7909266948699951},"rotation":{"x":-0.16180600225925446,"y":0.43891850113868716,"z":-0.08069051057100296,"w":-0.880146861076355},"size":0.8565689921379089,"orthographic":false}