{"cameraMode":{"drawMode":0,"name":"Shaded","section":"Shading Mode"},"sceneLighting":false,"audioPlay":false,"sceneViewState":{"showFog":true,"showMaterialUpdate":false,"showSkybox":true,"showFlares":true,"showImageEffects":true,"showParticleSystems":true},"in2DMode":false,"pivot":{"x":0.12599992752075196,"y":-0.09000003337860108,"z":0.875999927520752},"rotation":{"x":0.13130813837051392,"y":0.17605437338352204,"z":-0.02369885891675949,"w":0.9752955436706543},"size":2.916567802429199,"orthographic":false}