{"cameraMode":{"drawMode":0,"name":"Shaded","section":"Shading Mode"},"sceneLighting":false,"audioPlay":false,"sceneViewState":{"showFog":true,"showMaterialUpdate":false,"showSkybox":true,"showFlares":true,"showImageEffects":true,"showParticleSystems":true},"in2DMode":false,"pivot":{"x":7.624342918395996,"y":1.133495807647705,"z":2.3446292877197267},"rotation":{"x":0.033960383385419849,"y":0.9632539749145508,"z":-0.14737176895141602,"w":0.22196871042251588},"size":15.175137519836426,"orthographic":false}