{"cameraMode":{"drawMode":0,"name":"Shaded","section":"Shading Mode"},"sceneLighting":false,"audioPlay":false,"sceneViewState":{"showFog":true,"showMaterialUpdate":false,"showSkybox":true,"showFlares":true,"showImageEffects":true,"showParticleSystems":true},"in2DMode":false,"pivot":{"x":-0.11328208446502686,"y":0.09743198752403259,"z":0.885980486869812},"rotation":{"x":0.10195207595825196,"y":-0.06136702746152878,"z":0.006305263377726078,"w":0.9928746819496155},"size":1.2135493755340577,"orthographic":false}