{"cameraMode":{"drawMode":0,"name":"Shaded","section":"Shading Mode"},"sceneLighting":false,"audioPlay":false,"sceneViewState":{"showFog":true,"showMaterialUpdate":false,"showSkybox":true,"showFlares":true,"showImageEffects":true,"showParticleSystems":true},"in2DMode":false,"pivot":{"x":-2815.090576171875,"y":-786.7908325195313,"z":9083.6708984375},"rotation":{"x":-0.0269855335354805,"y":-0.9619241952896118,"z":0.10314241051673889,"w":-0.25166505575180056},"size":329.8255615234375,"orthographic":false}