{"cameraMode":{"drawMode":0,"name":"Shaded","section":"Shading Mode"},"sceneLighting":false,"audioPlay":false,"sceneViewState":{"showFog":true,"showMaterialUpdate":false,"showSkybox":true,"showFlares":true,"showImageEffects":true,"showParticleSystems":true},"in2DMode":false,"pivot":{"x":-5602.43505859375,"y":-2567.55615234375,"z":3453.853515625},"rotation":{"x":-0.04970986023545265,"y":-0.8249449729919434,"z":0.07346221804618836,"w":-0.5582097768783569},"size":106.97957611083985,"orthographic":false}