{"cameraMode":{"drawMode":0,"name":"Shaded","section":"Shading Mode"},"sceneLighting":false,"audioPlay":false,"sceneViewState":{"showFog":true,"showMaterialUpdate":false,"showSkybox":true,"showFlares":true,"showImageEffects":true,"showParticleSystems":true},"in2DMode":false,"pivot":{"x":-0.1121748685836792,"y":-0.0008282065391540527,"z":1.6742844581604005},"rotation":{"x":-0.20663680136203767,"y":0.07879871875047684,"z":-0.016702372580766679,"w":-0.9750964641571045},"size":1.4909486770629883,"orthographic":false}