{"cameraMode":{"drawMode":0,"name":"Shaded","section":"Shading Mode"},"sceneLighting":true,"audioPlay":false,"sceneViewState":{"showFog":true,"showMaterialUpdate":false,"showSkybox":true,"showFlares":true,"showImageEffects":true,"showParticleSystems":true},"in2DMode":false,"pivot":{"x":-0.31743037700653078,"y":0.03348743915557861,"z":-0.5265202522277832},"rotation":{"x":0.1264660358428955,"y":-0.037776801735162738,"z":0.0048196581192314629,"w":0.9912396669387817},"size":1.2762861251831055,"orthographic":false}