{"cameraMode":{"drawMode":0,"name":"Shaded","section":"Shading Mode"},"sceneLighting":false,"audioPlay":false,"sceneViewState":{"showFog":true,"showMaterialUpdate":false,"showSkybox":true,"showFlares":true,"showImageEffects":true,"showParticleSystems":true},"in2DMode":false,"pivot":{"x":0.012814462184906006,"y":0.042765550315380099,"z":0.00038117170333862305},"rotation":{"x":0.040112875401973727,"y":0.917073667049408,"z":-0.09554502367973328,"w":0.385017067193985},"size":0.32234102487564089,"orthographic":false}