{"cameraMode":{"drawMode":0,"name":"Shaded","section":"Shading Mode"},"sceneLighting":false,"audioPlay":false,"sceneViewState":{"showFog":true,"showMaterialUpdate":false,"showSkybox":true,"showFlares":true,"showImageEffects":true,"showParticleSystems":true},"in2DMode":false,"pivot":{"x":3.2095136642456056,"y":-2.0354814529418947,"z":-0.6641418933868408},"rotation":{"x":-0.0659012719988823,"y":0.8878288865089417,"z":-0.1344635933637619,"w":-0.4351281225681305},"size":0.4021517038345337,"orthographic":false}