{"cameraMode":{"drawMode":0,"name":"Shaded","section":"Shading Mode"},"sceneLighting":false,"audioPlay":false,"sceneViewState":{"showFog":true,"showMaterialUpdate":false,"showSkybox":true,"showFlares":true,"showImageEffects":true,"showParticleSystems":true},"in2DMode":false,"pivot":{"x":-4.736346244812012,"y":23.90436363220215,"z":44.0307502746582},"rotation":{"x":-0.08879875391721726,"y":0.17447125911712647,"z":-0.015801258385181428,"w":-0.9805227518081665},"size":21.823448181152345,"orthographic":false}