{"cameraMode":{"drawMode":0,"name":"Shaded","section":"Shading Mode"},"sceneLighting":false,"audioPlay":false,"sceneViewState":{"showFog":true,"showMaterialUpdate":false,"showSkybox":true,"showFlares":true,"showImageEffects":true,"showParticleSystems":true},"in2DMode":false,"pivot":{"x":-6.5464372634887699,"y":-2.7826335430145265,"z":17.072141647338868},"rotation":{"x":-0.089266337454319,"y":0.14287662506103517,"z":-0.012942464090883732,"w":-0.9856218099594116},"size":25.761127471923829,"orthographic":false}