{"cameraMode":{"drawMode":0,"name":"Shaded","section":"Shading Mode"},"sceneLighting":false,"audioPlay":false,"sceneViewState":{"showFog":true,"showMaterialUpdate":false,"showSkybox":true,"showFlares":true,"showImageEffects":true,"showParticleSystems":true},"in2DMode":false,"pivot":{"x":59.04999923706055,"y":140.6999969482422,"z":159.00335693359376},"rotation":{"x":-0.0034362473525106909,"y":0.2998151481151581,"z":0.0010811698157340289,"w":0.9539905190467835},"size":6.945235729217529,"orthographic":false}