{"cameraMode":{"drawMode":0,"name":"Shaded","section":"Shading Mode"},"sceneLighting":false,"audioPlay":false,"sceneViewState":{"showFog":true,"showMaterialUpdate":false,"showSkybox":true,"showFlares":true,"showImageEffects":true,"showParticleSystems":true},"in2DMode":false,"pivot":{"x":3.6929430961608888,"y":2.0247795581817629,"z":0.12056827545166016},"rotation":{"x":0.033960383385419849,"y":0.9632539749145508,"z":-0.14737176895141602,"w":0.22196871042251588},"size":13.004692077636719,"orthographic":false}