{"cameraMode":{"drawMode":0,"name":"Shaded","section":"Shading Mode"},"sceneLighting":false,"audioPlay":false,"sceneViewState":{"showFog":true,"showMaterialUpdate":false,"showSkybox":true,"showFlares":true,"showImageEffects":true,"showParticleSystems":true},"in2DMode":false,"pivot":{"x":0.2530245780944824,"y":-0.06087628751993179,"z":0.1954284906387329},"rotation":{"x":0.017962099984288217,"y":0.8684941530227661,"z":-0.031554292887449267,"w":0.49436792731285097},"size":0.24617892503738404,"orthographic":false}