{"cameraMode":{"drawMode":0,"name":"Shaded","section":"Shading Mode"},"sceneLighting":false,"audioPlay":false,"sceneViewState":{"showFog":true,"showMaterialUpdate":false,"showSkybox":true,"showFlares":true,"showImageEffects":true,"showParticleSystems":true},"in2DMode":false,"pivot":{"x":-0.04807257652282715,"y":0.004301607608795166,"z":0.06932499259710312},"rotation":{"x":-0.1810823231935501,"y":0.649467945098877,"z":-0.16329100728034974,"w":-0.7202337980270386},"size":0.5384231805801392,"orthographic":false}