{"cameraMode":{"drawMode":0,"name":"Shaded","section":"Shading Mode"},"sceneLighting":false,"audioPlay":false,"sceneViewState":{"showFog":true,"showMaterialUpdate":false,"showSkybox":true,"showFlares":true,"showImageEffects":true,"showParticleSystems":true},"in2DMode":false,"pivot":{"x":0.6238462924957275,"y":1.6922558546066285,"z":0.8094760179519653},"rotation":{"x":0.017962099984288217,"y":0.8684941530227661,"z":-0.031554292887449267,"w":0.49436792731285097},"size":5.418047904968262,"orthographic":false}