{"cameraMode":{"drawMode":0,"name":"Shaded","section":"Shading Mode"},"sceneLighting":false,"audioPlay":false,"sceneViewState":{"showFog":true,"showMaterialUpdate":false,"showSkybox":true,"showFlares":true,"showImageEffects":true,"showParticleSystems":true},"in2DMode":false,"pivot":{"x":-1.2473149299621583,"y":0.7392203211784363,"z":-0.3227264881134033},"rotation":{"x":0.033960383385419849,"y":0.9632539749145508,"z":-0.14737176895141602,"w":0.22196871042251588},"size":13.220674514770508,"orthographic":false}