{"cameraMode":{"drawMode":0,"name":"Shaded","section":"Shading Mode"},"sceneLighting":false,"audioPlay":false,"sceneViewState":{"showFog":true,"showMaterialUpdate":false,"showSkybox":true,"showFlares":true,"showImageEffects":true,"showParticleSystems":true},"in2DMode":false,"pivot":{"x":-0.011106789112091065,"y":-2.648845672607422,"z":-0.1447455883026123},"rotation":{"x":0.1677287071943283,"y":-0.17610779404640199,"z":0.030467564240098,"w":0.9694972038269043},"size":0.2072468400001526,"orthographic":false}