{"cameraMode":{"drawMode":0,"name":"Shaded","section":"Shading Mode"},"sceneLighting":false,"audioPlay":false,"sceneViewState":{"showFog":true,"showMaterialUpdate":false,"showSkybox":true,"showFlares":true,"showImageEffects":true,"showParticleSystems":true},"in2DMode":false,"pivot":{"x":-0.000003814697265625,"y":-8.06683349609375,"z":0.0000019073486328125},"rotation":{"x":0.2256898134946823,"y":-0.17108695209026338,"z":0.04029715806245804,"w":0.9582116007804871},"size":129.1855926513672,"orthographic":false}