{"cameraMode":{"drawMode":0,"name":"Shaded","section":"Shading Mode"},"sceneLighting":true,"audioPlay":false,"sceneViewState":{"showFog":true,"showMaterialUpdate":false,"showSkybox":true,"showFlares":true,"showImageEffects":true,"showParticleSystems":true},"in2DMode":false,"pivot":{"x":12.007064819335938,"y":17.059036254882814,"z":86.57992553710938},"rotation":{"x":-0.06775714457035065,"y":-0.0038940480444580318,"z":0.00026430937577970326,"w":-0.9976942539215088},"size":110.94544219970703,"orthographic":false}