{"cameraMode":{"drawMode":0,"name":"Shaded","section":"Shading Mode"},"sceneLighting":false,"audioPlay":false,"sceneViewState":{"showFog":true,"showMaterialUpdate":false,"showSkybox":true,"showFlares":true,"showImageEffects":true,"showParticleSystems":true},"in2DMode":false,"pivot":{"x":-0.1774389147758484,"y":0.06393393874168396,"z":-0.07344651222229004},"rotation":{"x":0.17751561105251313,"y":0.32608872652053835,"z":-0.06248266622424126,"w":0.9264180064201355},"size":1.3309471607208253,"orthographic":false}