{"cameraMode":{"drawMode":0,"name":"Shaded","section":"Shading Mode"},"sceneLighting":true,"audioPlay":false,"sceneViewState":{"showFog":true,"showMaterialUpdate":false,"showSkybox":true,"showFlares":true,"showImageEffects":true,"showParticleSystems":true},"in2DMode":false,"pivot":{"x":0.915602445602417,"y":-0.8699451684951782,"z":-0.7365250587463379},"rotation":{"x":-0.22194649279117585,"y":0.0011667744256556035,"z":-0.00026594262453727424,"w":-0.9750581383705139},"size":23.699552536010743,"orthographic":false}