{"cameraMode":{"drawMode":0,"name":"Shaded","section":"Shading Mode"},"sceneLighting":false,"audioPlay":false,"sceneViewState":{"showFog":true,"showMaterialUpdate":false,"showSkybox":true,"showFlares":true,"showImageEffects":true,"showParticleSystems":true},"in2DMode":false,"pivot":{"x":0.40918204188346865,"y":-0.20369590818881989,"z":0.39497846364974978},"rotation":{"x":0.03841068223118782,"y":-0.5916203856468201,"z":-0.028235774487257005,"w":-0.8048060536384583},"size":0.55656898021698,"orthographic":false}