{"cameraMode":{"drawMode":0,"name":"Shaded","section":"Shading Mode"},"sceneLighting":false,"audioPlay":false,"sceneViewState":{"showFog":true,"showMaterialUpdate":false,"showSkybox":true,"showFlares":true,"showImageEffects":true,"showParticleSystems":true},"in2DMode":false,"pivot":{"x":-6.72158145904541,"y":4.090497970581055,"z":1.153883457183838},"rotation":{"x":0.08951632678508759,"y":0.6895160675048828,"z":-0.08650840073823929,"w":0.7134919762611389},"size":3.4539012908935549,"orthographic":false}