{"cameraMode":{"drawMode":0,"name":"Shaded","section":"Shading Mode"},"sceneLighting":false,"audioPlay":false,"sceneViewState":{"showFog":true,"showMaterialUpdate":false,"showSkybox":true,"showFlares":true,"showImageEffects":true,"showParticleSystems":true},"in2DMode":false,"pivot":{"x":0.19019073247909547,"y":-0.4375019967556,"z":0.5235509872436523},"rotation":{"x":0.05360865965485573,"y":-0.9353729486465454,"z":0.16184380650520326,"w":0.30985522270202639},"size":1.1007158756256104,"orthographic":false}