{"cameraMode":{"drawMode":0,"name":"Shaded","section":"Shading Mode"},"sceneLighting":false,"audioPlay":false,"sceneViewState":{"showFog":true,"showMaterialUpdate":false,"showSkybox":true,"showFlares":true,"showImageEffects":true,"showParticleSystems":true},"in2DMode":false,"pivot":{"x":0.08247904479503632,"y":0.21858516335487367,"z":0.36629438400268557},"rotation":{"x":0.00083903968334198,"y":0.9991468191146851,"z":-0.031803447753190997,"w":0.026334762573242189},"size":1.0041899681091309,"orthographic":false}