{"cameraMode":{"drawMode":0,"name":"Shaded","section":"Shading Mode"},"sceneLighting":false,"audioPlay":false,"sceneViewState":{"showFog":true,"showMaterialUpdate":false,"showSkybox":true,"showFlares":true,"showImageEffects":true,"showParticleSystems":true},"in2DMode":false,"pivot":{"x":1345.427978515625,"y":-210.92047119140626,"z":1805.0657958984375},"rotation":{"x":0.031115256249904634,"y":-0.959622323513031,"z":0.2535521984100342,"w":0.11776328831911087},"size":7602.30908203125,"orthographic":false}