{"cameraMode":{"drawMode":0,"name":"Shaded","section":"Shading Mode"},"sceneLighting":false,"audioPlay":false,"sceneViewState":{"showFog":true,"showMaterialUpdate":false,"showSkybox":true,"showFlares":true,"showImageEffects":true,"showParticleSystems":true},"in2DMode":false,"pivot":{"x":-40.112403869628909,"y":30.560344696044923,"z":2.8932619094848635},"rotation":{"x":0.13611897826194764,"y":-0.0623711496591568,"z":0.008587515912950039,"w":0.9886899590492249},"size":22.0,"orthographic":false}