{"cameraMode":{"drawMode":0,"name":"Shaded","section":"Shading Mode"},"sceneLighting":false,"audioPlay":false,"sceneViewState":{"showFog":true,"showMaterialUpdate":false,"showSkybox":true,"showFlares":true,"showImageEffects":true,"showParticleSystems":true},"in2DMode":false,"pivot":{"x":-1.0499999523162842,"y":-0.24000012874603272,"z":-19.899999618530275},"rotation":{"x":0.11194989085197449,"y":0.3859030306339264,"z":-0.0472407341003418,"w":0.9145023226737976},"size":69.42169189453125,"orthographic":false}