{"cameraMode":{"drawMode":0,"name":"Shaded","section":"Shading Mode"},"sceneLighting":false,"audioPlay":false,"sceneViewState":{"showFog":true,"showMaterialUpdate":false,"showSkybox":true,"showFlares":true,"showImageEffects":true,"showParticleSystems":true},"in2DMode":false,"pivot":{"x":3.2010083198547365,"y":-2.040024757385254,"z":-0.6776437163352966},"rotation":{"x":-0.11804445087909699,"y":0.08983572572469711,"z":-0.010723714716732502,"w":-0.9888782501220703},"size":0.40215179324150088,"orthographic":false}