{"cameraMode":{"drawMode":0,"name":"Shaded","section":"Shading Mode"},"sceneLighting":false,"audioPlay":false,"sceneViewState":{"showFog":true,"showMaterialUpdate":false,"showSkybox":true,"showFlares":true,"showImageEffects":true,"showParticleSystems":true},"in2DMode":false,"pivot":{"x":0.09452849626541138,"y":0.27893102169036868,"z":0.12740951776504517},"rotation":{"x":0.008281827904284,"y":-0.9573856592178345,"z":0.027590444311499597,"w":0.28737249970436098},"size":0.7192527651786804,"orthographic":false}