{"cameraMode":{"drawMode":0,"name":"Shaded","section":"Shading Mode"},"sceneLighting":false,"audioPlay":false,"sceneViewState":{"showFog":true,"showMaterialUpdate":false,"showSkybox":true,"showFlares":true,"showImageEffects":true,"showParticleSystems":true},"in2DMode":false,"pivot":{"x":-0.48500001430511477,"y":0.0,"z":1.440000057220459},"rotation":{"x":0.15114235877990724,"y":0.03503034636378288,"z":-0.005358755122870207,"w":0.9878765940666199},"size":6.767192840576172,"orthographic":false}