{"cameraMode":{"drawMode":0,"name":"Shaded","section":"Shading Mode"},"sceneLighting":false,"audioPlay":false,"sceneViewState":{"showFog":true,"showMaterialUpdate":false,"showSkybox":true,"showFlares":true,"showImageEffects":true,"showParticleSystems":true},"in2DMode":false,"pivot":{"x":0.05838075280189514,"y":0.12432533502578736,"z":0.780524492263794},"rotation":{"x":-0.14824333786964417,"y":-0.8504801988601685,"z":0.33067598938941958,"w":-0.3812621533870697},"size":13.220674514770508,"orthographic":false}