{"cameraMode":{"drawMode":0,"name":"Shaded","section":"Shading Mode"},"sceneLighting":true,"audioPlay":false,"sceneViewState":{"showFog":true,"showMaterialUpdate":false,"showSkybox":true,"showFlares":true,"showImageEffects":true,"showParticleSystems":true},"in2DMode":false,"pivot":{"x":0.17197595536708833,"y":0.39778363704681399,"z":1.9657330513000489},"rotation":{"x":0.0871967300772667,"y":0.007780854124575853,"z":-0.000681214383803308,"w":0.9961605072021484},"size":5.081364631652832,"orthographic":false}