{"cameraMode":{"drawMode":0,"name":"Shaded","section":"Shading Mode"},"sceneLighting":false,"audioPlay":false,"sceneViewState":{"showFog":true,"showMaterialUpdate":false,"showSkybox":true,"showFlares":true,"showImageEffects":true,"showParticleSystems":true},"in2DMode":false,"pivot":{"x":-2.384185791015625e-7,"y":3.133284091949463,"z":4.76837158203125e-7},"rotation":{"x":0.018793683499097825,"y":0.9783706068992615,"z":-0.17835357785224915,"w":0.10309107601642609},"size":6.269798278808594,"orthographic":false}