{"cameraMode":{"drawMode":0,"name":"Shaded","section":"Shading Mode"},"sceneLighting":false,"audioPlay":false,"sceneViewState":{"showFog":true,"showMaterialUpdate":false,"showSkybox":true,"showFlares":true,"showImageEffects":true,"showParticleSystems":true},"in2DMode":false,"pivot":{"x":3.2010083198547365,"y":-2.040024757385254,"z":-0.6776437163352966},"rotation":{"x":-0.05698217824101448,"y":0.9115858674049377,"z":-0.13526542484760285,"w":-0.3840150833129883},"size":0.40215179324150088,"orthographic":false}