{"cameraMode":{"drawMode":0,"name":"Shaded","section":"Shading Mode"},"sceneLighting":false,"audioPlay":false,"sceneViewState":{"showFog":true,"showMaterialUpdate":false,"showSkybox":true,"showFlares":true,"showImageEffects":true,"showParticleSystems":true},"in2DMode":false,"pivot":{"x":-4.735805511474609,"y":3.8653769493103029,"z":5.801192760467529},"rotation":{"x":0.06006977707147598,"y":0.9363062977790833,"z":-0.1984083503484726,"w":0.28347182273864748},"size":4.648497104644775,"orthographic":false}