{"cameraMode":{"drawMode":0,"name":"Shaded","section":"Shading Mode"},"sceneLighting":false,"audioPlay":false,"sceneViewState":{"showFog":true,"showMaterialUpdate":false,"showSkybox":true,"showFlares":true,"showImageEffects":true,"showParticleSystems":true},"in2DMode":false,"pivot":{"x":-0.0011248588562011719,"y":1.4952661991119385,"z":0.002810955047607422},"rotation":{"x":0.0871967300772667,"y":0.007780854124575853,"z":-0.000681214383803308,"w":0.9961605072021484},"size":10.853455543518067,"orthographic":false}