{"cameraMode":{"drawMode":0,"name":"Shaded","section":"Shading Mode"},"sceneLighting":false,"audioPlay":false,"sceneViewState":{"showFog":true,"showMaterialUpdate":false,"showSkybox":true,"showFlares":true,"showImageEffects":true,"showParticleSystems":true},"in2DMode":false,"pivot":{"x":-0.0022497177124023439,"y":2.990532398223877,"z":0.005621910095214844},"rotation":{"x":0.058874551206827167,"y":-0.7910523414611816,"z":-0.0771138072013855,"w":-0.604006290435791},"size":21.706911087036134,"orthographic":false}