{"cameraMode":{"drawMode":0,"name":"Shaded","section":"Shading Mode"},"sceneLighting":true,"audioPlay":false,"sceneViewState":{"showFog":true,"showMaterialUpdate":false,"showSkybox":true,"showFlares":true,"showImageEffects":true,"showParticleSystems":true},"in2DMode":false,"pivot":{"x":-0.12118899077177048,"y":-0.12840579450130464,"z":0.49469923973083498},"rotation":{"x":-0.11804445087909699,"y":0.08983572572469711,"z":-0.010723714716732502,"w":-0.9888782501220703},"size":5.532887935638428,"orthographic":false}