{"cameraMode":{"drawMode":0,"name":"Shaded","section":"Shading Mode"},"sceneLighting":false,"audioPlay":false,"sceneViewState":{"showFog":true,"showMaterialUpdate":false,"showSkybox":true,"showFlares":true,"showImageEffects":true,"showParticleSystems":true},"in2DMode":false,"pivot":{"x":0.6409999132156372,"y":0.31100034713745119,"z":1.2060546875},"rotation":{"x":0.13130813837051392,"y":0.17605437338352204,"z":-0.02369885891675949,"w":0.9752955436706543},"size":21.001073837280275,"orthographic":false}