{"cameraMode":{"drawMode":0,"name":"Shaded","section":"Shading Mode"},"sceneLighting":false,"audioPlay":false,"sceneViewState":{"showFog":true,"showMaterialUpdate":false,"showSkybox":true,"showFlares":true,"showImageEffects":true,"showParticleSystems":true},"in2DMode":false,"pivot":{"x":54.29567337036133,"y":80.47066497802735,"z":175.28346252441407},"rotation":{"x":0.011392614804208279,"y":0.9884113073348999,"z":-0.1164918765425682,"w":0.09665945917367935},"size":1.938694715499878,"orthographic":false}