{"cameraMode":{"drawMode":0,"name":"Shaded","section":"Shading Mode"},"sceneLighting":false,"audioPlay":false,"sceneViewState":{"showFog":true,"showMaterialUpdate":false,"showSkybox":true,"showFlares":true,"showImageEffects":true,"showParticleSystems":true},"in2DMode":false,"pivot":{"x":0.41413021087646487,"y":0.18982583284378053,"z":2.881664752960205},"rotation":{"x":0.12635621428489686,"y":-0.5431169867515564,"z":0.0830899253487587,"w":0.8259262442588806},"size":2.8109707832336427,"orthographic":false}