{"cameraMode":{"drawMode":0,"name":"Shaded","section":"Shading Mode"},"sceneLighting":false,"audioPlay":false,"sceneViewState":{"showFog":true,"showMaterialUpdate":false,"showSkybox":true,"showFlares":true,"showImageEffects":true,"showParticleSystems":true},"in2DMode":false,"pivot":{"x":-1.5852278470993043,"y":0.45587536692619326,"z":-0.2397543489933014},"rotation":{"x":0.06822519749403,"y":0.8257420063018799,"z":-0.10234162211418152,"w":0.5504741072654724},"size":0.6400548219680786,"orthographic":false}