{"cameraMode":{"drawMode":0,"name":"Shaded","section":"Shading Mode"},"sceneLighting":false,"audioPlay":false,"sceneViewState":{"showFog":true,"showMaterialUpdate":false,"showSkybox":true,"showFlares":true,"showImageEffects":true,"showParticleSystems":true},"in2DMode":false,"pivot":{"x":0.03402352333068848,"y":-0.17185825109481812,"z":0.6567513942718506},"rotation":{"x":-0.16332362592220307,"y":0.5200745463371277,"z":-0.10207659751176834,"w":-0.832122802734375},"size":0.8565689921379089,"orthographic":false}