{"cameraMode":{"drawMode":0,"name":"Shaded","section":"Shading Mode"},"sceneLighting":false,"audioPlay":false,"sceneViewState":{"showFog":true,"showMaterialUpdate":false,"showSkybox":true,"showFlares":true,"showImageEffects":true,"showParticleSystems":true},"in2DMode":false,"pivot":{"x":-2.883427619934082,"y":16.27365493774414,"z":255.2009735107422},"rotation":{"x":-0.08245616406202316,"y":-0.9032036066055298,"z":0.37001943588256838,"w":-0.20127075910568238},"size":20.620851516723634,"orthographic":false}