{"cameraMode":{"drawMode":0,"name":"Shaded","section":"Shading Mode"},"sceneLighting":false,"audioPlay":false,"sceneViewState":{"showFog":true,"showMaterialUpdate":false,"showSkybox":true,"showFlares":true,"showImageEffects":true,"showParticleSystems":true},"in2DMode":false,"pivot":{"x":0.038077034056186679,"y":-2.6874783039093019,"z":-0.15182779729366303},"rotation":{"x":0.27095115184783938,"y":-0.05309149622917175,"z":0.014968696050345898,"w":0.9610112905502319},"size":0.2072468400001526,"orthographic":false}