{"cameraMode":{"drawMode":0,"name":"Shaded","section":"Shading Mode"},"sceneLighting":false,"audioPlay":false,"sceneViewState":{"showFog":true,"showMaterialUpdate":false,"showSkybox":true,"showFlares":true,"showImageEffects":true,"showParticleSystems":true},"in2DMode":false,"pivot":{"x":0.02020123600959778,"y":0.15660345554351808,"z":0.273916095495224},"rotation":{"x":0.05885588377714157,"y":0.8894224166870117,"z":-0.11973772197961807,"w":0.4371802508831024},"size":0.5012713670730591,"orthographic":false}