{"cameraMode":{"drawMode":0,"name":"Shaded","section":"Shading Mode"},"sceneLighting":false,"audioPlay":false,"sceneViewState":{"showFog":true,"showMaterialUpdate":false,"showSkybox":true,"showFlares":true,"showImageEffects":true,"showParticleSystems":true},"in2DMode":false,"pivot":{"x":-1.784999966621399,"y":1.1650002002716065,"z":4.355000019073486},"rotation":{"x":0.058738794177770618,"y":-0.0356195829808712,"z":0.0020972506608814,"w":0.997635543346405},"size":17.041513442993165,"orthographic":false}