{"cameraMode":{"drawMode":0,"name":"Shaded","section":"Shading Mode"},"sceneLighting":false,"audioPlay":false,"sceneViewState":{"showFog":true,"showMaterialUpdate":false,"showSkybox":true,"showFlares":true,"showImageEffects":true,"showParticleSystems":true},"in2DMode":false,"pivot":{"x":-5.745099067687988,"y":12.374983787536621,"z":477.6174621582031},"rotation":{"x":-0.05269630625844002,"y":-0.06355102360248566,"z":0.0033558439463377,"w":-0.9965807795524597},"size":22.0,"orthographic":false}