{"cameraMode":{"drawMode":0,"name":"Shaded","section":"Shading Mode"},"sceneLighting":true,"audioPlay":false,"sceneViewState":{"showFog":true,"showMaterialUpdate":false,"showSkybox":true,"showFlares":true,"showImageEffects":true,"showParticleSystems":true},"in2DMode":false,"pivot":{"x":23.809289932250978,"y":-3.771674871444702,"z":-9.116090774536133},"rotation":{"x":0.13130813837051392,"y":0.17605437338352204,"z":-0.02369885891675949,"w":0.9752955436706543},"size":432.3564147949219,"orthographic":false}