{"cameraMode":{"drawMode":0,"name":"Shaded","section":"Shading Mode"},"sceneLighting":true,"audioPlay":false,"sceneViewState":{"showFog":true,"showMaterialUpdate":false,"showSkybox":true,"showFlares":true,"showImageEffects":true,"showParticleSystems":true},"in2DMode":false,"pivot":{"x":-1.0309202671051026,"y":3.120769739151001,"z":-6.768337249755859},"rotation":{"x":-0.15144726634025575,"y":0.7088777422904968,"z":-0.16023895144462586,"w":-0.6699846982955933},"size":0.5587352514266968,"orthographic":false}